{
  "id": "MAP_MOSSDEEP_CITY_STEVENS_HOUSE",
  "name": "MossdeepCity_StevensHouse",
  "layout": "LAYOUT_MOSSDEEP_CITY_STEVENS_HOUSE",
  "music": "MUS_RUSTBORO",
  "region_map_section": "MAPSEC_MOSSDEEP_CITY",
  "requires_flash": false,
  "weather": "WEATHER_NONE",
  "map_type": "MAP_TYPE_INDOOR",
  "allow_cycling": false,
  "allow_escaping": false,
  "allow_running": false,
  "show_map_name": false,
  "battle_scene": "MAP_BATTLE_SCENE_NORMAL",
  "connections": null,
  "object_events": [
    {
      "graphics_id": "OBJ_EVENT_GFX_STEVEN",
      "x": 9,
      "y": 6,
      "elevation": 3,
      "movement_type": "MOVEMENT_TYPE_FACE_RIGHT",
      "movement_range_x": 0,
      "movement_range_y": 0,
      "trainer_type": "TRAINER_TYPE_NONE",
      "trainer_sight_or_berry_tree_id": "0",
      "script": "MossdeepCity_StevensHouse_EventScript_Steven",
      "flag": "FLAG_HIDE_MOSSDEEP_CITY_STEVENS_HOUSE_STEVEN"
    },
    {
      "graphics_id": "OBJ_EVENT_GFX_ITEM_BALL",
      "x": 4,
      "y": 3,
      "elevation": 3,
      "movement_type": "MOVEMENT_TYPE_LOOK_AROUND",
      "movement_range_x": 1,
      "movement_range_y": 1,
      "trainer_type": "TRAINER_TYPE_NONE",
      "trainer_sight_or_berry_tree_id": "0",
      "script": "MossdeepCity_StevensHouse_EventScript_BeldumPokeball",
      "flag": "FLAG_HIDE_MOSSDEEP_CITY_STEVENS_HOUSE_BELDUM_POKEBALL"
    },
    {
      "graphics_id": "OBJ_EVENT_GFX_NINJA_BOY",
      "x": 6,
      "y": 4,
      "elevation": 3,
      "movement_type": "MOVEMENT_TYPE_INVISIBLE",
      "movement_range_x": 1,
      "movement_range_y": 1,
      "trainer_type": "TRAINER_TYPE_NONE",
      "trainer_sight_or_berry_tree_id": "0",
      "script": "MossdeepCity_StevensHouse_EventScript_Letter",
      "flag": "FLAG_HIDE_MOSSDEEP_CITY_STEVENS_HOUSE_INVISIBLE_NINJA_BOY"
    }
  ],
  "warp_events": [
    {
      "x": 3,
      "y": 7,
      "elevation": 0,
      "dest_map": "MAP_MOSSDEEP_CITY",
      "dest_warp_id": "6"
    },
    {
      "x": 4,
      "y": 7,
      "elevation": 0,
      "dest_map": "MAP_MOSSDEEP_CITY",
      "dest_warp_id": "6"
    }
  ],
  "coord_events": [],
  "bg_events": [
    {
      "type": "sign",
      "x": 0,
      "y": 1,
      "elevation": 0,
      "player_facing_dir": "BG_EVENT_PLAYER_FACING_ANY",
      "script": "MossdeepCity_StevensHouse_EventScript_RockDisplay"
    },
    {
      "type": "sign",
      "x": 1,
      "y": 1,
      "elevation": 0,
      "player_facing_dir": "BG_EVENT_PLAYER_FACING_ANY",
      "script": "MossdeepCity_StevensHouse_EventScript_RockDisplay"
    },
    {
      "type": "sign",
      "x": 10,
      "y": 4,
      "elevation": 3,
      "player_facing_dir": "BG_EVENT_PLAYER_FACING_ANY",
      "script": "MossdeepCity_StevensHouse_EventScript_RockDisplay"
    },
    {
      "type": "sign",
      "x": 10,
      "y": 6,
      "elevation": 3,
      "player_facing_dir": "BG_EVENT_PLAYER_FACING_ANY",
      "script": "MossdeepCity_StevensHouse_EventScript_RockDisplay"
    }
  ]
}
